{
  "name": "cardealershipproject",
  "dependencies": {},
  "globalDependencies": {
    "angular": "registry:dt/angular#1.5.0+20160517064839",
    "angular-resource": "registry:dt/angular-resource#1.5.0+20160412142209",
    "angular-ui-bootstrap": "registry:dt/angular-ui-bootstrap#0.13.3+20160501125848",
    "angular-ui-router": "registry:dt/angular-ui-router#1.1.5+20160521151413",
    "body-parser": "registry:dt/body-parser#0.0.0+20160317120654",
    "cookie-parser": "registry:dt/cookie-parser#1.3.4+20160316155526",
    "express": "registry:dt/express#4.0.0+20160317120654",
    "express-serve-static-core": "registry:dt/express-serve-static-core#0.0.0+20160322035842",
    "jquery": "registry:dt/jquery#1.10.0+20160417213236",
    "mime": "registry:dt/mime#0.0.0+20160316155526",
    "morgan": "registry:dt/morgan#1.2.2+20160317120654",
    "node": "registry:dt/node#6.0.0+20160523035754",
    "serve-favicon": "registry:dt/serve-favicon#0.0.0+20160316155526",
    "serve-static": "registry:dt/serve-static#0.0.0+20160501131543"
  }
}
